{
    "mape(%)": 3.518284649621299,
    "rmse": 7.579754859857162,
    "mae": 6.548417129516602
}