{
    "mape(%)": 9.510702732085736,
    "rmse": 18.55964564602233,
    "mae": 17.664834060668944
}