{
    "mape(%)": 9.009610061088484,
    "rmse": 17.77151368755854,
    "mae": 16.762434616088868
}