{
    "mape(%)": 8.666773210086973,
    "rmse": 17.07613802833513,
    "mae": 16.111721572875975
}